1,2,3,4,5
"('text', ""Certainly! Here is a list of 10 keywords that capture the essence of each data visualization type and caption: \n\n1. **Visual Trends**: This keyword encapsulates the idea of using data visualizations to depict observable trends and patterns, especially relating to change over time.\n2. **Data Comparison**: Many of these visualizations are adept at showing how different subsets of data relate to one another.\n3. **Layout and Uniformity**: The consistent scale and organization of small multiples makes it easy to identify patterns.\n4. **Visual Encoding**: These visualizations use color and area to encode data magnitude in a more intuitive way.\n5. **Data Intensity**: The broader concept of using visual elements to communicate the intensity or quantity of data is important in many of these visualizations.\n6. **Data Relations**: These visualizations are especially useful for showing the relationship between different categories or subgroups within a dataset.\n7. **Time-Series Data**: Both index charts and horizon graphs are specifically designed to visually depict data collections over time.\n8. **Category Data**: Bar charts are designed to show different categories and their values, making them ideal for categorical data.\n9. **Visual Metaphors**: Visualizations can use metaphors like 'horizon' or 'stacking' to make charts easier to grasp.\n10. **Emphasizing Relative Distribution**: Stacked graphs emphasize the relative distribution of different elements within each group. \n\nThese keywords should provide a good starting point for understanding and searching for these visualization techniques. Let me know if you'd like me to elaborate on any of these concepts or provide additional contextual information."")","('text', ""Here is a list of 10 keywords that capture the essence of the data visualizations described in the provided tuples:\n\n1. Visual Representation: Describes the overall presentation of the data in visual format, utilizing graphs, plots, and charts to convey information.\n2. Data Organization: Refers to the structured arrangement of data, including categories, groups, or variables, enabling systematic analysis.\n3. Distributions: Focuses on the display of data distributions, depicting the frequency or arrangement of values across a range of variables.\n4. Quantities and Qualities: Looks at the quantitative nature of the data, involving measurements, numbers, and statistical analysis.\n5. Visual Axes: Highlights the use of axes to represent variables or data dimensions, allowing for the interpretation of relationships and comparisons.\n6. Relationships: Emphasizes the visualization of relationships between variables, showcasing how they interconnect or influence each other.\n7. Patterns and Trends: Identifies the detection of patterns or trends within the data, pointing to recurring behaviors or occurrences.\n8. Visual Metaphors: Addresses the use of visual elements, such as shapes, colors, or sizes, to represent different data categories or values.\n9. Informative Labels: Notices the provision of labels on the graphics, explaining the represented variables, values, and any additional contextual information.\n10. Data Insight: Emphasizes the visual conveyance of insights, insights gained from the data, and the ability to uncover meanings or conclusions from the data visualizations. \n\nThese keywords provide a general overview of the themes and concepts present in the data visualizations. Let me know if you'd like me to provide more refined or specific keywords for each individual data visualization."")","('text', 'Based on the provided tuples, here are 10 keywords that capture the essential characteristics of the different data visualizations:\n1. Flow Map/MPA: \n- Geographic Context\n- Movement and Direction\n- Visual Hierarchy \n- Flow Visualization \n- Transportation & Connectivity \n- Spatial Relationship \n- Journey & Route Visualization \n\n2. Choropleth Map: \n- Color Coding\n- Data Classification\n- Pattern Recognition \n- Comparative Analysis \n- Demographic Analysis \n- Spatial Distribution \n- Variability Assessment \n\n3. Graduated Symbol Map:\n- Symbolic Representation\n- Multidimensional Data\n- Visual Categorization\n- Proportional Representation\n- Interaction & Feedback\n- Visual Hierarchy \n\n4. Dorling Cartogram/Area Chart:\n- Spatial Alteration\n- Data Magnification\n- Visual Abstraction\n- Numerical Proximity\n- Part-to-Whole Relationship\n- Trend & Variation Visualization\n- Multidimensional Comparison\n\nThese keywords aim to capture the visual properties and storytelling aspects of each data visualization type. Different data visualization types can effectively communicate complex information by employing these keywords to represent underlying data appropriately.')","('text', ""Here is a list of 10 keywords that capture the essence of each data visualization type: \n\n1. Node-link diagram:\n- Graph/Network Visualization\n- Represents relationships between entities\n- Ideal for complex relationships\n- Circular representation of nodes and links\n2. Radial Cluster Diagram:\n- Hierarchical Data Visualization\n- Clustered nodes create rings of categories or groups\n- Centrally oriented layout aids comprehension \n- Shows relationships among entities\n3. Indented Tree:\n- Hierarchy Representation\n- Uses indentation to depict levels \n- Clear structure and hierarchy depiction\n- Text-based and readable format with labels\n4. Icicle Tree:\n- Vertical Hierarchical Layout\n- Rectangular nodes representing levels\n- Wide-width nodes and nested representation\n- Shows hierarchy with categories and attributes Varying levels of hierarchy can be analyzed and compared using this technique.\n5. Sunburst Tree:\n- Centrally oriented Tree structure\n- Concentric circles depict each level of hierarchy. \n-Circular layout for tree structures\n- Color-coded segments to categorize data for analysis \n6. Treemap Layout:\n- Hierarchical Data Using Rectangles\n- Represented by larger nodes and subdivded into smaller nodes. \n- Visualize numerical values through size\n- Identify significant elements through color and size varying attributes\n7. Nested Circles Tree:\n- Circular Dendrogram \n- Centrally organized with concentric circles\n- Clearly represents parent-child relationship\n- wide arcs or lines to connect these relationships\n\nThese keywords capture key elements and suitable applications for each data visualization type. Let me know if you'd like any further clarification!"")","('text', 'Here are 10 keywords that capture the essence of the data visualizations described in the provided tuples:\n\n1. Network Visualization: Both the ""force-directed layout"" and the ""arc diagram"" are specific types of network visualizations that help viewers understand the relationships and connections between different entities. \n\n2. Data Relationships: Both visualizations focus on illustrating the relationships between data points, providing insights into connections, networks, and interactions among entities. \n\n3. Information Arrangement: The force-directed layout arranges information based on simulated physical forces, creating visually appealing layouts that reveal underlying structures in the data. \n\n4. Data Connections: The arc diagram emphasizes connecting related elements through arcs, making it ideal for highlighting connections and interactions between entities along a single axis. \n\n5. Tabular Data: The matrix view graph visually represents data in a tabular format, making it easy to interpret data trends and relationships between different categories. \n\n6. Multi-Dimensional Data: The matrix view graph is well-suited for multidimensional data, making it possible to identify patterns or correlations across multiple variables simultaneously. \n\n7. Data Colorization: Utilizing color to represent values in each matrix cell enables the matrix view graph to effectively convey meaning at a glance. \n\n8. Data Insights: These visualizations collectively aim to reveal patterns, clusters, structures, and insights hidden within complex datasets. \n\n9. Visual Summaries: Each of these visualization types provides a high-level visual summary of the data, making it easier for viewers to grasp key aspects of the dataset. \n\n10. Data Communication: These visualization techniques efficiently communicate information, making it possible to interpret data more quickly and understand relationships, allowing for effective communication of insights. \n\nThese keywords capture the core characteristics and objectives of the data visualizations outlined in the provided tuples.')"
"('generation_id', 'f274736f-ea41-4c7a-88cd-08b968abc6b0')","('generation_id', 'e56ec19b-9ae6-4dd5-82b2-6b65753d44a8')","('generation_id', '75df75ac-9a36-4ef2-9a5e-953d4b191900')","('generation_id', 'ea12766e-c726-4e6e-bc8c-e225111bd5a7')","('generation_id', 'e71bd442-cbff-4328-9638-c4feb91f999b')"
"('citations', None)","('citations', None)","('citations', None)","('citations', None)","('citations', None)"
"('documents', None)","('documents', None)","('documents', None)","('documents', None)","('documents', None)"
"('is_search_required', None)","('is_search_required', None)","('is_search_required', None)","('is_search_required', None)","('is_search_required', None)"
"('search_queries', None)","('search_queries', None)","('search_queries', None)","('search_queries', None)","('search_queries', None)"
"('search_results', None)","('search_results', None)","('search_results', None)","('search_results', None)","('search_results', None)"
"('finish_reason', 'COMPLETE')","('finish_reason', 'COMPLETE')","('finish_reason', 'COMPLETE')","('finish_reason', 'COMPLETE')","('finish_reason', 'COMPLETE')"
"('tool_calls', None)","('tool_calls', None)","('tool_calls', None)","('tool_calls', None)","('tool_calls', None)"
"('chat_history', [ChatMessage(role='USER', message=""The following array holds tuples that represent the type of a data visualization and a caption for that visualization in the form of (Type, Caption). Can you generate 10 keywords that describe them? [('Index chart/line chart', 'A line chart is a type of data visualization that displays information as a series of data points connected by straight lines. Typically, the horizontal axis represents time or categories, while the vertical axis represents numerical values. Line charts are commonly used to illustrate trends or changes in data over time, making them particularly useful for tracking fluctuations in stock prices, temperatures, population growth, and other continuous variables. They provide a clear visual representation of how data points are related to each other and how they evolve over time. Line charts are also often used to compare multiple datasets or to show the relationship between variables'), ('Stacked Graph', 'A stacked graph, also known as a stacked bar graph or stacked column graph, is a type of data visualization that presents multiple variables or categories in a single bar or column. Each segment within the bar or column represents a proportion of the whole, and the segments are stacked on top of each other. This allows viewers to compare the total value of each category as well as the contribution of individual components to the whole. Stacked graphs are commonly used to illustrate changes over time or comparisons between groups while emphasizing the relative distribution of different elements within each group'), ('Small Multiples', 'Small multiples, also known as trellis charts or lattice charts, are a series of similar graphs or charts that display different subsets of the same data. Each graph in the series typically represents a specific category, subgroup, or time period, allowing for easy comparison across the different subsets. Small multiples are characterized by their uniformity in terms of axes, scale, and layout, which facilitates quick and efficient visual comparison. This visualization technique is particularly effective for revealing patterns, trends, and variations in complex datasets, making it useful in fields such as data analysis, business intelligence, and scientific research.'), ('Horizon Graph', 'A horizon graph is a data visualization technique used to display time-series data in a compact and efficient manner. It is constructed by dividing the vertical axis into multiple bands or layers, each representing a range of values. The bands are stacked horizontally, with each subsequent band plotted on top of the previous one. The data is then represented by colored areas within each band, with the color intensity encoding the magnitude of the values')].""), ChatMessage(role='CHATBOT', message=""Certainly! Here is a list of 10 keywords that capture the essence of each data visualization type and caption: \n\n1. **Visual Trends**: This keyword encapsulates the idea of using data visualizations to depict observable trends and patterns, especially relating to change over time.\n2. **Data Comparison**: Many of these visualizations are adept at showing how different subsets of data relate to one another.\n3. **Layout and Uniformity**: The consistent scale and organization of small multiples makes it easy to identify patterns.\n4. **Visual Encoding**: These visualizations use color and area to encode data magnitude in a more intuitive way.\n5. **Data Intensity**: The broader concept of using visual elements to communicate the intensity or quantity of data is important in many of these visualizations.\n6. **Data Relations**: These visualizations are especially useful for showing the relationship between different categories or subgroups within a dataset.\n7. **Time-Series Data**: Both index charts and horizon graphs are specifically designed to visually depict data collections over time.\n8. **Category Data**: Bar charts are designed to show different categories and their values, making them ideal for categorical data.\n9. **Visual Metaphors**: Visualizations can use metaphors like 'horizon' or 'stacking' to make charts easier to grasp.\n10. **Emphasizing Relative Distribution**: Stacked graphs emphasize the relative distribution of different elements within each group. \n\nThese keywords should provide a good starting point for understanding and searching for these visualization techniques. Let me know if you'd like me to elaborate on any of these concepts or provide additional contextual information."")])","('chat_history', [ChatMessage(role='USER', message='The following array holds tuples that represent the type of a data visualization and a caption for that visualization in the form of (Type, Caption). Can you generate 10 keywords that describe them? [(\'Stem-and-Leaf plot\', \'A stem-and-leaf plot that presents quantitative data in a structured format resembling a table or grid. It comprises vertical columns called stems on the left side, each representing a group of data points. To the right of the stems are the leaves, which represent individual data points within each group. Stems are arranged in ascending order from bottom to top, while leaves within each stem are arranged in ascending order from left to right. \'), (\'Q-Q plot\', \'A Q-Q plot, or quantile-quantile plot, is a graphical method used to compare the distribution of a set of observed data with a specified theoretical distribution, such as the normal distribution. It is constructed with points plotted on a Cartesian plane, where the x-axis represents the quantiles of the theoretical distribution and the y-axis represents the quantiles of the observed data. If the points fall approximately along a straight line, known as the line of equality, it suggests that the data follows the specified distribution. Key visual elements include individual data points, the line of equality, and labels for the axes. \'), (\'Splom / scatterplot matrix\', \'This scatterplot matrix visually represents the relationships between four variables—Horsepower, Weight, Acceleration, and Displacement—across automobiles from Japan, the United States, and the European Union. Each cell in the matrix displays a scatterplot comparing two variables, with Japanese cars depicted in blue, American cars in red, and European cars in green. This comprehensive arrangement enables simultaneous examination of how each variable interacts with others within and across regions, facilitating the identification of potential trends, patterns, or differences in automotive characteristics between the three regions.\'), (\'parallel Coordinates\', \'This parallel coordinates graph presents a comprehensive visualization of automobile data across multiple attributes including cylinders, displacement, weight, horsepower, acceleration, miles per gallon (mpg), and year. Each attribute is represented by a parallel axis, while automobiles are depicted by lines that intersect these axes at specific points, indicating the values of each attribute for individual cars. These lines, typically differentiated by color or shade, allow for easy comparison of automotive characteristics. For instance, a car with higher horsepower would have its line positioned higher on the horsepower axis. The inclusion of the ""year"" attribute enables tracking changes in automobile features over time.\')].'), ChatMessage(role='CHATBOT', message=""Here is a list of 10 keywords that capture the essence of the data visualizations described in the provided tuples:\n\n1. Visual Representation: Describes the overall presentation of the data in visual format, utilizing graphs, plots, and charts to convey information.\n2. Data Organization: Refers to the structured arrangement of data, including categories, groups, or variables, enabling systematic analysis.\n3. Distributions: Focuses on the display of data distributions, depicting the frequency or arrangement of values across a range of variables.\n4. Quantities and Qualities: Looks at the quantitative nature of the data, involving measurements, numbers, and statistical analysis.\n5. Visual Axes: Highlights the use of axes to represent variables or data dimensions, allowing for the interpretation of relationships and comparisons.\n6. Relationships: Emphasizes the visualization of relationships between variables, showcasing how they interconnect or influence each other.\n7. Patterns and Trends: Identifies the detection of patterns or trends within the data, pointing to recurring behaviors or occurrences.\n8. Visual Metaphors: Addresses the use of visual elements, such as shapes, colors, or sizes, to represent different data categories or values.\n9. Informative Labels: Notices the provision of labels on the graphics, explaining the represented variables, values, and any additional contextual information.\n10. Data Insight: Emphasizes the visual conveyance of insights, insights gained from the data, and the ability to uncover meanings or conclusions from the data visualizations. \n\nThese keywords provide a general overview of the themes and concepts present in the data visualizations. Let me know if you'd like me to provide more refined or specific keywords for each individual data visualization."")])","('chat_history', [ChatMessage(role='USER', message='The following array holds tuples that represent the type of a data visualization and a caption for that visualization in the form of (Type, Caption). Can you generate 10 keywords that describe them? [(\'flow map / mpa\', ""This flow map depicts Napoleon\'s military campaign from Paris to Moscow, illustrating the movement of his army through Europe, including Germany, Poland, and ultimately Russia. Arrows trace the route taken, indicating the direction of movement and major events encountered along the way, such as battles and strategic decisions. The width of the arrows reflects fluctuations in army size and strength, while symbols mark significant milestones and obstacles faced during the campaign. Geographical features such as rivers, mountains, and cities provide context, highlighting the challenges confronted by Napoleon\'s forces during their march on Moscow.""), (\'Choropleth Map\', ""This choropleth map visually represents the percentage of the population classified as \'Obese\' (Body Mass Index exceeding 30) across different states. Each state is color-coded based on the prevalence of obesity, transitioning from green to red as the percentages increase, with darker shades indicating higher percentages.""), (\'Graduated Symbol Map\', ""In this graduated symbol map, each state\'s population is represented by a pie chart symbol, with segments indicating the distribution of residents based on Body Mass Index (BMI) categories. The size of each symbol corresponds to the total population of the state, while segments within the pie chart depict the proportion of individuals with a normal BMI (< 24.9), overweight population (25.0 < BMI < 29.9), and obese population (30.0 < BMI). ""), (\'Dorling Cartogram/Area Chart\', \'This Dorling cartogram is a map that visually represents the absolute number of obese people per state and the percentage of obese people using circle area and color, respectively. Each state is depicted by a circle, with the size of the circle proportional to the absolute number of obese individuals residing in that state. Additionally, the color intensity of each circle reflects the percentage of obese people, with darker shades indicating higher obesity rates. \')].'), ChatMessage(role='CHATBOT', message='Based on the provided tuples, here are 10 keywords that capture the essential characteristics of the different data visualizations:\n1. Flow Map/MPA: \n- Geographic Context\n- Movement and Direction\n- Visual Hierarchy \n- Flow Visualization \n- Transportation & Connectivity \n- Spatial Relationship \n- Journey & Route Visualization \n\n2. Choropleth Map: \n- Color Coding\n- Data Classification\n- Pattern Recognition \n- Comparative Analysis \n- Demographic Analysis \n- Spatial Distribution \n- Variability Assessment \n\n3. Graduated Symbol Map:\n- Symbolic Representation\n- Multidimensional Data\n- Visual Categorization\n- Proportional Representation\n- Interaction & Feedback\n- Visual Hierarchy \n\n4. Dorling Cartogram/Area Chart:\n- Spatial Alteration\n- Data Magnification\n- Visual Abstraction\n- Numerical Proximity\n- Part-to-Whole Relationship\n- Trend & Variation Visualization\n- Multidimensional Comparison\n\nThese keywords aim to capture the visual properties and storytelling aspects of each data visualization type. Different data visualization types can effectively communicate complex information by employing these keywords to represent underlying data appropriately.')])","('chat_history', [ChatMessage(role='USER', message=""The following array holds tuples that represent the type of a data visualization and a caption for that visualization in the form of (Type, Caption). Can you generate 10 keywords that describe them? [('Node-link diagram / tree', 'A node-link diagram, also known as a network diagram or graph visualization, is a data visualization technique used to represent relationships between entities (nodes) and connections (links) among them. In a node-link diagram, nodes typically represent individual entities such as people, organizations, or concepts, while links represent relationships or interactions between these entities.The nodes are usually depicted as circles, squares, or other shapes, and the links are represented as lines or arcs connecting the nodes. The layout of the nodes and links can vary depending on the specific visualization technique used, but common layouts include radial, force-directed, or hierarchical arrangements.'), ('Radial Cluster Diagram', 'A radial clustered diagram is a data visualization technique used to display hierarchical or network data in a radial layout with clustered nodes. It is similar to a traditional radial tree diagram, but it incorporates clustering to group related nodes together, making complex structures more manageable and understandable.In a radial clustered diagram, nodes are arranged radially around a central point, with edges connecting them to illustrate relationships. Instead of displaying the entire hierarchy from the root node outward, nodes are grouped into clusters based on their similarities or connections. Each cluster forms a distinct ring around the central point, with nodes within the cluster positioned radially around it.'), ('Indented Tree', 'An indented tree, also known as an indented outline or outline tree, is a hierarchical data visualization method used to represent tree structures or nested data in a textual format. It organizes data into a hierarchical structure, similar to an outline format commonly used in writing.In an indented tree, each level of the hierarchy is represented by a different level of indentation. The root level is typically displayed at the far left, with subsequent levels indented to the right. Each node in the tree is represented by a label or text, and the indentation indicates the parent-child relationship between nodes.Indented trees are easy to read and understand, making them a popular choice for displaying hierarchical data in text-based formats such as documents, programming code, or configuration files.'), ('Icicle Tree', '\\nAn icicle tree, also known as an icicle plot or icicle diagram, is a hierarchical data visualization technique used to represent tree structures or nested data in a rectangular layout. It is similar to a sunburst tree but is displayed in a vertical orientation instead of a radial layout.In an icicle tree, the hierarchy is represented as a series of nested rectangles, with each rectangle representing a level of the hierarchy. The root level is typically displayed at the top, with subsequent levels nested underneath. The width of each rectangle corresponds to the size or value of the data it represents, while the height represents the depth of the hierarchy.Icicle trees are often color-coded to represent different categories or attributes, and they can be interactive, allowing viewers to explore the hierarchy by expanding or collapsing branches. By visually encoding the hierarchical structure in this way, icicle trees provide an intuitive and space-efficient way to explore and understand complex hierarchical relationships within the data.'), ('Sunburst Tree', 'A sunburst tree, also known simply as a sunburst chart or radial treemap, is a hierarchical data visualization technique used to represent hierarchical data in a circular layout. It is particularly effective for displaying tree structures or nested data with multiple levels of hierarchy.In a sunburst tree, the hierarchy is represented as a series of concentric circles, with each circle representing a level of the hierarchy. The outermost circle typically represents the root level, while subsequent circles represent deeper levels of the hierarchy. Each level is divided into segments, and the size of each segment corresponds to the proportion of the data it represents.The segments are arranged radially around the center of the circle, and they are often color-coded to represent different categories or attributes. By visually encoding the hierarchy in this way, sunburst trees allow viewers to explore and understand the structure of hierarchical data, as well as identify patterns and relationships between different levels of the hierarchy.'), ('Treemap Layout', 'A treemap is a data visualization technique used to represent hierarchical data in a hierarchical layout of nested rectangles. The size and color of each rectangle correspond to specific attributes of the data being visualized, such as the value of a numerical variable or the frequency of occurrence of a category.In a treemap, the top-level hierarchy is represented by the largest rectangle, which is subdivided into smaller rectangles that represent the next level of the hierarchy. This process continues recursively, with each rectangle subdivided into smaller rectangles to represent lower levels of the hierarchy. The size of each rectangle is proportional to the value of the data it represents, allowing viewers to quickly identify the most significant elements within the dataset.'), ('Nested Circles Tree', 'A nested circles tree, also known as a circular dendrogram or radial tree diagram, is a type of hierarchical data visualization that represents relationships between hierarchical data in a circular layout. It is often used to display tree structures, such as organizational hierarchies, taxonomies, or file directories.In a nested circles tree, the root node of the tree is typically positioned at the center of the circle, with its child nodes arranged around it in concentric circles. Each level of the hierarchy is represented by a ring of nodes, with child nodes positioned radially outward from their parent nodes. The connections between parent and child nodes are represented by lines or arcs extending from the parent node to the child nodes.Nested circles trees allow for the visualization of hierarchical relationships in a compact and intuitive manner. They provide a clear representation of the parent-child relationships within the hierarchy and can be easily interpreted by viewers. ')].""), ChatMessage(role='CHATBOT', message=""Here is a list of 10 keywords that capture the essence of each data visualization type: \n\n1. Node-link diagram:\n- Graph/Network Visualization\n- Represents relationships between entities\n- Ideal for complex relationships\n- Circular representation of nodes and links\n2. Radial Cluster Diagram:\n- Hierarchical Data Visualization\n- Clustered nodes create rings of categories or groups\n- Centrally oriented layout aids comprehension \n- Shows relationships among entities\n3. Indented Tree:\n- Hierarchy Representation\n- Uses indentation to depict levels \n- Clear structure and hierarchy depiction\n- Text-based and readable format with labels\n4. Icicle Tree:\n- Vertical Hierarchical Layout\n- Rectangular nodes representing levels\n- Wide-width nodes and nested representation\n- Shows hierarchy with categories and attributes Varying levels of hierarchy can be analyzed and compared using this technique.\n5. Sunburst Tree:\n- Centrally oriented Tree structure\n- Concentric circles depict each level of hierarchy. \n-Circular layout for tree structures\n- Color-coded segments to categorize data for analysis \n6. Treemap Layout:\n- Hierarchical Data Using Rectangles\n- Represented by larger nodes and subdivded into smaller nodes. \n- Visualize numerical values through size\n- Identify significant elements through color and size varying attributes\n7. Nested Circles Tree:\n- Circular Dendrogram \n- Centrally organized with concentric circles\n- Clearly represents parent-child relationship\n- wide arcs or lines to connect these relationships\n\nThese keywords capture key elements and suitable applications for each data visualization type. Let me know if you'd like any further clarification!"")])","('chat_history', [ChatMessage(role='USER', message=""The following array holds tuples that represent the type of a data visualization and a caption for that visualization in the form of (Type, Caption). Can you generate 10 keywords that describe them? [('force-directed layout', 'A force-directed layout is a technique used in network visualization to arrange nodes (or vertices) and edges (or links) in a graph in a visually appealing and meaningful way. The layout is based on simulating physical forces among the elements of the network.In a force-directed layout, nodes are typically represented as points in space, and edges as lines connecting those points. The layout algorithm then applies forces to these points to simulate attraction and repulsion between connected and unconnected nodes, respectively. By iteratively adjusting the positions of nodes based on these forces, the layout algorithm aims to reach an equilibrium where nodes are evenly distributed and edges have minimal crossing. The result is a visually appealing arrangement that often reveals patterns, clusters, and structures within the network.'), ('arc diagram', 'An arc diagram is a type of data visualization that represents relationships between entities by displaying them as arcs (curved lines) connecting related elements. Typically, the entities are arranged along a single axis, such as a horizontal or vertical line, with the arcs drawn between them based on their connections or interactions.Arc diagrams are particularly useful for visualizing networks or graphs, such as social networks, citation networks, or biological pathways, where the focus is on illustrating the connections between nodes rather than their spatial arrangement. By displaying connections as arcs, arc diagrams can reveal patterns, clusters, and structures within the data, providing insights into the relationships between different entities. They are commonly used in various fields, including data analysis, network science, and information visualization'), ('matrix view', 'A matrix view graph, also known as a heatmap or matrix plot, is a data visualization technique that displays data in a tabular format where values are represented as colors. It consists of a grid where rows and columns correspond to different categories, variables, or items being compared. Each cell in the grid is filled with a color that corresponds to the value of the data point it represents. Matrix view graphs are particularly useful for visualizing relationships, patterns, and trends in large datasets, especially when dealing with multidimensional data. They allow viewers to quickly identify areas of interest, outliers, or correlations between variables. Common applications of matrix view graphs include visualizing correlations in scientific research, analyzing customer behavior in marketing, and displaying performance metrics in business analytics')].""), ChatMessage(role='CHATBOT', message='Here are 10 keywords that capture the essence of the data visualizations described in the provided tuples:\n\n1. Network Visualization: Both the ""force-directed layout"" and the ""arc diagram"" are specific types of network visualizations that help viewers understand the relationships and connections between different entities. \n\n2. Data Relationships: Both visualizations focus on illustrating the relationships between data points, providing insights into connections, networks, and interactions among entities. \n\n3. Information Arrangement: The force-directed layout arranges information based on simulated physical forces, creating visually appealing layouts that reveal underlying structures in the data. \n\n4. Data Connections: The arc diagram emphasizes connecting related elements through arcs, making it ideal for highlighting connections and interactions between entities along a single axis. \n\n5. Tabular Data: The matrix view graph visually represents data in a tabular format, making it easy to interpret data trends and relationships between different categories. \n\n6. Multi-Dimensional Data: The matrix view graph is well-suited for multidimensional data, making it possible to identify patterns or correlations across multiple variables simultaneously. \n\n7. Data Colorization: Utilizing color to represent values in each matrix cell enables the matrix view graph to effectively convey meaning at a glance. \n\n8. Data Insights: These visualizations collectively aim to reveal patterns, clusters, structures, and insights hidden within complex datasets. \n\n9. Visual Summaries: Each of these visualization types provides a high-level visual summary of the data, making it easier for viewers to grasp key aspects of the dataset. \n\n10. Data Communication: These visualization techniques efficiently communicate information, making it possible to interpret data more quickly and understand relationships, allowing for effective communication of insights. \n\nThese keywords capture the core characteristics and objectives of the data visualizations outlined in the provided tuples.')])"
"('response_id', '83f6b891-5c2f-4fb4-b7b5-dcb1f472c172')","('response_id', '4133ad80-eed5-4664-b6c2-d63c8b8d55f5')","('response_id', '398f8704-b1a9-4eda-a03d-17d67705c798')","('response_id', '99880b36-8fb8-4005-b523-af44e8fc632a')","('response_id', '130524bf-ad95-41d7-b4f4-33cacd5696eb')"
"('meta', {'api_version': {'version': '1'}, 'billed_units': {'input_tokens': 546, 'output_tokens': 328}, 'tokens': {'input_tokens': 557, 'output_tokens': 328}})","('meta', {'api_version': {'version': '1'}, 'billed_units': {'input_tokens': 568, 'output_tokens': 350}, 'tokens': {'input_tokens': 579, 'output_tokens': 350}})","('meta', {'api_version': {'version': '1'}, 'billed_units': {'input_tokens': 471, 'output_tokens': 250}, 'tokens': {'input_tokens': 482, 'output_tokens': 250}})","('meta', {'api_version': {'version': '1'}, 'billed_units': {'input_tokens': 1250, 'output_tokens': 348}, 'tokens': {'input_tokens': 1261, 'output_tokens': 348}})","('meta', {'api_version': {'version': '1'}, 'billed_units': {'input_tokens': 560, 'output_tokens': 370}, 'tokens': {'input_tokens': 571, 'output_tokens': 370}})"
